股票代號,股票名稱,2021上市上櫃
1101,台泥,1
1102,亞泥,1
1103,嘉泥,1
1104,環泥,1
1108,幸福,1
1109,信大,1
1110,東泥,1
1201,味全,1
1203,味王,1
1210,大成,1
1213,大飲,1
1215,卜蜂,1
1216,統一,1
1217,愛之味,1
1218,泰山,1
1219,福壽,1
1220,台榮,1
1225,福懋油,1
1227,佳格,1
1229,聯華,1
1231,聯華食,1
1232,大統益,1
1233,天仁,1
1234,黑松,1
1235,興泰,1
1236,宏亞,1
1240,茂生農經,2
1256,鮮活果汁-KY,1
1258,其祥-KY,2
1259,安心,2
1264,德麥,2
1268,漢來美食,2
1301,台塑,1
1303,南亞,1
1304,台聚,1
1305,華夏,1
1307,三芳,1
1308,亞聚,1
1309,台達化,1
1310,台苯,1
1312,國喬,1
1313,聯成,1
1314,中石化,1
1315,達新,1
1316,上曜,1
1319,東陽,1
1321,大洋,1
1323,永裕,1
1324,地球,1
1325,恆大,1
1326,台化,1
1336,台翰,2
1337,再生-KY,1
1338,廣華-KY,1
1339,昭輝,1
1340,勝悅-KY,1
1341,富林-KY,1
1342,八貫,1
1402,遠東新,1
1409,新纖,1
1410,南染,1
1413,宏洲,1
1414,東和,1
1416,廣豐,1
1417,嘉裕,1
1418,東華,1
1419,新紡,1
1423,利華,1
1432,大魯閣,1
1434,福懋,1
1435,中福,1
1436,華友聯,1
1437,勤益控,1
1438,三地開發,1
1439,中和,1
1440,南紡,1
1441,大東,1
1442,名軒,1
1443,立益,1
1444,力麗,1
1445,大宇,1
1446,宏和,1
1447,力鵬,1
1449,佳和,1
1451,年興,1
1452,宏益,1
1453,大將,1
1454,台富,1
1455,集盛,1
1456,怡華,1
1457,宜進,1
1459,聯發,1
1460,宏遠,1
1463,強盛,1
1464,得力,1
1465,偉全,1
1466,聚隆,1
1467,南緯,1
1468,昶和,1
1470,大統新創,1
1471,首利,1
1472,三洋實業,1
1473,台南,1
1474,弘裕,1
1475,業旺,1
1476,儒鴻,1
1477,聚陽,1
1503,士電,1
1504,東元,1
1506,正道,1
1507,永大,1
1512,瑞利,1
1513,中興電,1
1514,亞力,1
1515,力山,1
1516,川飛,1
1517,利奇,1
1519,華城,1
1521,大億,1
1522,堤維西,1
1524,耿鼎,1
1525,江申,1
1526,日馳,1
1527,鑽全,1
1528,恩德,1
1529,樂士,1
1530,亞崴,1
1531,高林股,1
1532,勤美,1
1533,車王電,1
1535,中宇,1
1536,和大,1
1537,廣隆,1
1538,正峰,1
1539,巨庭,1
1540,喬福,1
1541,錩泰,1
1558,伸興,1
1560,中砂,1
1565,精華,2
1568,倉佑,1
1569,濱川,2
1570,力肯,2
1580,新麥,2
1582,信錦,1
1583,程泰,1
1584,精剛,2
1586,和勤,2
1587,吉茂,1
1589,永冠-KY,1
1590,亞德客-KY,1
1591,駿吉-KY,2
1592,英瑞-KY,1
1593,祺驊,2
1595,川寶,2
1597,直得,1
1598,岱宇,1
1599,宏佳騰,2
1603,華電,1
1604,聲寶,1
1605,華新,1
1608,華榮,1
1609,大亞,1
1611,中電,1
1612,宏泰,1
1614,三洋電,1
1615,大山,1
1616,億泰,1
1617,榮星,1
1618,合機,1
1626,艾美特-KY,1
1701,中化,1
1702,南僑,1
1707,葡萄王,1
1708,東鹼,1
1709,和益,1
1710,東聯,1
1711,永光,1
1712,興農,1
1713,國化,1
1714,和桐,1
1717,長興,1
1718,中纖,1
1720,生達,1
1721,三晃,1
1722,台肥,1
1723,中碳,1
1725,元禎,1
1726,永記,1
1727,中華化,1
1730,花仙子,1
1731,美吾華,1
1732,毛寶,1
1733,五鼎,1
1734,杏輝,1
1735,日勝化,1
1736,喬山,1
1737,臺鹽,1
1742,台蠟,2
1752,南光,2
1760,寶齡富錦,1
1762,中化生,1
1773,勝一,1
1776,展宇,1
1777,生泰,2
1781,合世,2
1783,和康生,1
1784,訊聯,2
1785,光洋科,2
1786,科妍,1
1788,杏昌,2
1789,神隆,1
1795,美時,1
1796,金穎生技,2
1799,易威,2
1802,台玻,1
1805,寶徠,1
1806,冠軍,1
1808,潤隆,1
1809,中釉,1
1810,和成,1
1813,寶利徠,2
1815,富喬,2
1817,凱撒衛,1
1903,士紙,1
1904,正隆,1
1905,華紙,1
1906,寶隆,1
1907,永豐餘,1
1909,榮成,1
2002,中鋼,1
2006,東和鋼鐵,1
2007,燁興,1
2008,高興昌,1
2009,第一銅,1
2010,春源,1
2012,春雨,1
2013,中鋼構,1
2014,中鴻,1
2015,豐興,1
2017,官田鋼,1
2020,美亞,1
2022,聚亨,1
2023,燁輝,1
2024,志聯,1
2025,千興,1
2027,大成鋼,1
2028,威致,1
2029,盛餘,1
2030,彰源,1
2031,新光鋼,1
2032,新鋼,1
2033,佳大,1
2034,允強,1
2035,唐榮,2
2038,海光,1
2049,上銀,1
2059,川湖,1
2061,風青,2
2062,橋椿,1
2063,世鎧,2
2064,晉椿,2
2065,世豐,2
2066,世德,2
2067,嘉鋼,2
2069,運錩,1
2070,精湛,2
2101,南港,1
2102,泰豐,1
2103,台橡,1
2104,國際中橡,1
2105,正新,1
2106,建大,1
2107,厚生,1
2108,南帝,1
2109,華豐,1
2114,鑫永銓,1
2115,六暉-KY,1
2201,裕隆,1
2204,中華,1
2206,三陽工業,1
2207,和泰車,1
2208,台船,1
2211,長榮鋼,1
2221,大甲,2
2227,裕日車,1
2228,劍麟,1
2230,泰茂,2
2231,為升,1
2233,宇隆,1
2235,謚源,2
2236,百達-KY,1
2239,英利-KY,1
2241,艾姆勒,1
2243,宏旭-KY,1
2247,汎德永業,1
2250,IKKA-KY,1
2301,光寶科,1
2302,麗正,1
2303,聯電,1
2305,全友,1
2308,台達電,1
2312,金寶,1
2313,華通,1
2314,台揚,1
2316,楠梓電,1
2317,鴻海,1
2321,東訊,1
2323,中環,1
2324,仁寶,1
2327,國巨,1
2328,廣宇,1
2329,華泰,1
2330,台積電,1
2331,精英,1
2332,友訊,1
2337,旺宏,1
2338,光罩,1
2340,光磊,1
2342,茂矽,1
2344,華邦電,1
2345,智邦,1
2347,聯強,1
2348,海悅,1
2349,錸德,1
2351,順德,1
2352,佳世達,1
2353,宏碁,1
2354,鴻準,1
2355,敬鵬,1
2356,英業達,1
2357,華碩,1
2358,廷鑫,1
2359,所羅門,1
2360,致茂,1
2362,藍天,1
2363,矽統,1
2364,倫飛,1
2365,昆盈,1
2367,燿華,1
2368,金像電,1
2369,菱生,1
2371,大同,1
2373,震旦行,1
2374,佳能,1
2375,凱美,1
2376,技嘉,1
2377,微星,1
2379,瑞昱,1
2380,虹光,1
2382,廣達,1
2383,台光電,1
2385,群光,1
2387,精元,1
2388,威盛,1
2390,云辰,1
2392,正崴,1
2393,億光,1
2395,研華,1
2397,友通,1
2399,映泰,1
2401,凌陽,1
2402,毅嘉,1
2404,漢唐,1
2405,浩鑫,1
2406,國碩,1
2408,南亞科,1
2409,友達,1
2412,中華電,1
2413,環科,1
2414,精技,1
2415,錩新,1
2417,圓剛,1
2419,仲琦,1
2420,新巨,1
2421,建準,1
2423,固緯,1
2424,隴華,1
2425,承啟,1
2426,鼎元,1
2427,三商電,1
2428,興勤,1
2429,銘旺科,1
2430,燦坤,1
2431,聯昌,1
2433,互盛電,1
2434,統懋,1
2436,偉詮電,1
2438,翔耀,1
2439,美律,1
2440,太空梭,1
2441,超豐,1
2442,新美齊,1
2443,億麗,1
2444,兆勁,1
2449,京元電子,1
2450,神腦,1
2451,創見,1
2453,凌群,1
2454,聯發科,1
2455,全新,1
2456,奇力新,1
2457,飛宏,1
2458,義隆,1
2459,敦吉,1
2460,建通,1
2461,光群雷,1
2462,良得電,1
2464,盟立,1
2465,麗臺,1
2466,冠西電,1
2467,志聖,1
2468,華經,1
2471,資通,1
2472,立隆電,1
2474,可成,1
2476,鉅祥,1
2477,美隆電,1
2478,大毅,1
2480,敦陽科,1
2481,強茂,1
2482,連宇,1
2483,百容,1
2484,希華,1
2485,兆赫,1
2486,一詮,1
2488,漢平,1
2489,瑞軒,1
2491,吉祥全,1
2492,華新科,1
2493,揚博,1
2495,普安,1
2496,卓越,1
2497,怡利電,1
2498,宏達電,1
2501,國建,1
2504,國產,1
2505,國揚,1
2506,太設,1
2509,全坤建,1
2511,太子,1
2514,龍邦,1
2515,中工,1
2516,新建,1
2520,冠德,1
2524,京城,1
2527,宏璟,1
2528,皇普,1
2530,華建,1
2534,宏盛,1
2535,達欣工,1
2536,宏普,1
2537,聯上發,1
2538,基泰,1
2539,櫻花建,1
2540,愛山林,1
2542,興富發,1
2543,皇昌,1
2545,皇翔,1
2546,根基,1
2547,日勝生,1
2548,華固,1
2596,綠意,2
2597,潤弘,1
2601,益航,1
2603,長榮,1
2605,新興,1
2606,裕民,1
2607,榮運,1
2608,嘉里大榮,1
2609,陽明,1
2610,華航,1
2611,志信,1
2612,中航,1
2613,中櫃,1
2614,東森,1
2615,萬海,1
2616,山隆,1
2617,台航,1
2618,長榮航,1
2630,亞航,1
2633,台灣高鐵,1
2634,漢翔,1
2636,台驊投控,1
2637,慧洋-KY,1
2640,大車隊,2
2641,正德,2
2642,宅配通,1
2643,捷迅,2
2701,萬企,1
2702,華園,1
2704,國賓,1
2705,六福,1
2706,第一店,1
2707,晶華,1
2712,遠雄來,1
2718,晶悅,2
2719,燦星旅,2
2722,夏都,1
2723,美食-KY,1
2724,富驛-KY,2
2726,雅茗-KY,2
2727,王品,1
2729,瓦城,2
2731,雄獅,1
2732,六角,2
2734,易飛網,2
2736,高野,2
2739,寒舍,1
2740,天蔥,2
2743,山富,2
2745,五福,2
2748,雲品,1
2752,豆府,2
2753,八方雲集,1
2754,亞洲藏壽司,2
2755,揚秦,2
2801,彰銀,1
2809,京城銀,1
2812,台中銀,1
2816,旺旺保,1
2820,華票,1
2823,中壽,1
2832,台產,1
2834,臺企銀,1
2836,高雄銀,1
2838,聯邦銀,1
2841,台開,1
2845,遠東銀,1
2849,安泰銀,1
2850,新產,1
2851,中再保,1
2852,第一保,1
2855,統一證,1
2867,三商壽,1
2880,華南金,1
2881,富邦金,1
2882,國泰金,1
2883,開發金,1
2884,玉山金,1
2885,元大金,1
2886,兆豐金,1
2887,台新金,1
2888,新光金,1
2889,國票金,1
2890,永豐金,1
2891,中信金,1
2892,第一金,1
2897,王道銀行,1
2901,欣欣,1
2903,遠百,1
2904,匯僑,1
2905,三商,1
2906,高林,1
2908,特力,1
2910,統領,1
2911,麗嬰房,1
2912,統一超,1
2913,農林,1
2915,潤泰全,1
2916,滿心,2
2923,鼎固-KY,1
2924,東凌-KY,2
2926,誠品生活,2
2929,淘帝-KY,1
2936,客思達-KY,1
2937,集雅社,2
2939,凱羿-KY,1
2945,三商家購,1
2947,振宇五金,2
3002,歐格,1
3003,健和興,1
3004,豐達科,1
3005,神基,1
3006,晶豪科,1
3008,大立光,1
3010,華立,1
3011,今皓,1
3013,晟銘電,1
3014,聯陽,1
3015,全漢,1
3016,嘉晶,1
3017,奇鋐,1
3018,同開,1
3019,亞光,1
3021,鴻名,1
3022,威強電,1
3023,信邦,1
3024,憶聲,1
3025,星通,1
3026,禾伸堂,1
3027,盛達,1
3028,增你強,1
3029,零壹,1
3030,德律,1
3031,佰鴻,1
3032,偉訓,1
3033,威健,1
3034,聯詠,1
3035,智原,1
3036,文曄,1
3037,欣興,1
3038,全台,1
3040,遠見,1
3041,揚智,1
3042,晶技,1
3043,科風,1
3044,健鼎,1
3045,台灣大,1
3046,建碁,1
3047,訊舟,1
3048,益登,1
3049,和鑫,1
3050,鈺德,1
3051,力特,1
3052,夆典,1
3054,立萬利,1
3055,蔚華科,1
3056,總太,1
3057,喬鼎,1
3058,立德,1
3059,華晶科,1
3060,銘異,1
3062,建漢,1
3064,泰偉,2
3066,李洲,2
3067,全域,2
3071,協禧,2
3073,天方能源,2
3078,僑威,2
3081,聯亞,2
3083,網龍,2
3085,新零售,2
3086,華義,2
3088,艾訊,2
3089,億杰,2
3090,日電貿,1
3092,鴻碩,1
3093,港建,2
3094,聯傑,1
3095,及成,2
3105,穩懋,2
3114,好德,2
3115,寶島極,2
3118,進階,2
3122,笙泉,2
3128,昇銳,2
3130,一零四,1
3131,弘塑,2
3138,耀登,1
3141,晶宏,2
3144,新揚科,2
3147,大綜,2
3149,正達,1
3152,璟德,2
3162,精確,2
3163,波若威,2
3164,景岳,1
3167,大量,1
3169,亞信,2
3171,新洲,2
3176,基亞,2
3178,公準,2
3188,鑫龍騰,2
3189,景碩,1
3191,和進,2
3202,樺晟,2
3205,佰研,2
3206,志豐,2
3207,耀勝,2
3209,全科,1
3211,順達,2
3213,茂訊,2
3217,優群,2
3218,大學光,2
3219,倚強科,2
3221,台嘉碩,2
3224,三顧,2
3226,至寶電,2
3227,原相,2
3228,金麗科,2
3229,晟鈦,1
3230,錦明,2
3231,緯創,1
3232,昱捷,2
3234,光環,2
3236,千如,2
3252,海灣,2
3257,虹冠電,1
3259,鑫創,2
3260,威剛,2
3264,欣銓,2
3265,台星科,2
3266,昇陽,1
3268,海德威,2
3272,東碩,2
3276,宇環,2
3284,太普高,2
3285,微端,2
3287,廣寰科,2
3288,點晶,2
3289,宜特,2
3290,東浦,2
3293,鈊象,2
3294,英濟,2
3296,勝德,1
3297,杭特,2
3303,岱稜,2
3305,昇貿,1
3306,鼎天,2
3308,聯德,1
3310,佳穎,2
3311,閎暉,1
3312,弘憶股,1
3313,斐成,2
3317,尼克森,2
3321,同泰,1
3322,建舜電,2
3323,加百裕,2
3324,雙鴻,2
3325,旭品,2
3332,幸康,2
3338,泰碩,1
3339,泰谷,2
3346,麗清,1
3354,律勝,2
3356,奇偶,1
3357,臺慶科,2
3360,尚立,2
3362,先進光,2
3363,上詮,2
3372,典範,2
3373,熱映,2
3374,精材,2
3376,新日興,1
3379,彬台,2
3380,明泰,1
3383,新世紀,1
3388,崇越電,2
3390,旭軟,2
3402,漢科,2
3406,玉晶光,1
3413,京鼎,1
3416,融程電,1
3419,譁裕,1
3426,台興,2
3432,台端,1
3434,哲固,2
3437,榮創,1
3438,類比科,2
3441,聯一光,2
3443,創意,1
3444,利機,2
3450,聯鈞,1
3454,晶睿,1
3455,由田,2
3465,進泰電子,2
3466,致振,2
3479,安勤,2
3481,群創,1
3483,力致,2
3484,崧騰,2
3489,森寶,2
3490,單井,2
3491,昇達科,2
3492,長盛,2
3494,誠研,1
3498,陽程,2
3499,環天科,2
3501,維熹,1
3504,揚明光,1
3508,位速,2
3511,矽瑪,2
3512,皇龍,2
3515,華擎,1
3516,亞帝歐,2
3518,柏騰,1
3520,華盈,2
3521,鴻翊,2
3522,御頂,2
3523,迎輝,2
3526,凡甲,2
3527,聚積,2
3528,安馳,1
3529,力旺,2
3530,晶相光,1
3531,先益,2
3532,台勝科,1
3533,嘉澤,1
3535,晶彩科,1
3536,誠創,1
3537,堡達,2
3540,曜越,2
3541,西柏,2
3543,州巧,1
3545,敦泰,1
3546,宇峻,2
3548,兆利,2
3550,聯穎,1
3551,世禾,2
3552,同致,2
3555,重鵬,2
3556,禾瑞亞,2
3557,嘉威,1
3558,神準,2
3563,牧德,1
3564,其陽,2
3567,逸昌,2
3570,大塚,2
3576,聯合再生,1
3577,泓格,2
3580,友威科,2
3581,博磊,2
3583,辛耘,1
3587,閎康,2
3588,通嘉,1
3591,艾笛森,1
3593,力銘,1
3594,磐儀,2
3596,智易,1
3597,映興,2
3605,宏致,1
3607,谷崧,1
3609,三一東林,2
3611,鼎翰,2
3615,安可,2
3617,碩天,1
3622,洋華,1
3623,富晶通,2
3624,光頡,2
3625,西勝,2
3628,盈正,2
3629,地心引力,2
3630,新鉅科,2
3631,晟楠,2
3632,研勤,2
3642,駿熠電,2
3645,達邁,1
3646,艾恩特,2
3652,精聯,2
3653,健策,1
3661,世芯-KY,1
3663,鑫科,2
3664,安瑞-KY,2
3665,貿聯-KY,1
3666,光耀,2
3669,圓展,1
3672,康聯訊,2
3673,TPK-KY,1
3675,德微,2
3679,新至陞,1
3680,家登,2
3682,亞太電,1
3684,榮昌,2
3685,元創精密,2
3686,達能,1
3687,歐買尬,2
3689,湧德,2
3691,碩禾,2
3693,營邦,2
3694,海華,1
3701,大眾控,1
3702,大聯大,1
3703,欣陸,1
3704,合勤控,1
3705,永信,1
3706,神達,1
3707,漢磊,2
3708,上緯投控,1
3709,鑫聯大投控,2
3710,連展投控,2
3711,日月光投控,1
3712,永崴投控,1
3713,新晶投控,2
3714,富采,1
4102,永日,2
4104,佳醫,1
4105,東洋,2
4106,雃博,1
4107,邦特,2
4108,懷特,1
4109,加捷生醫,2
4111,濟生,2
4113,聯上,2
4114,健喬,2
4116,明基醫,2
4119,旭富,1
4120,友華,2
4121,優盛,2
4123,晟德,2
4126,太醫,2
4127,天良,2
4128,中天,2
4129,聯合,2
4130,健亞,2
4131,晶宇,2
4133,亞諾法,1
4137,麗豐-KY,1
4138,曜亞,2
4139,馬光-KY,2
4141,龍燈-KY,1
4142,國光生,1
4147,中裕,2
4148,全宇生技-KY,1
4153,鈺緯,2
4154,樂威科-KY,2
4155,訊映,1
4157,太景*-KY,2
4160,創源,2
4161,聿新科,2
4162,智擎,2
4163,鐿鈦,2
4164,承業醫,1
4167,松瑞藥,2
4168,醣聯,2
4171,瑞基,2
4173,久裕,2
4174,浩鼎,2
4175,杏一,2
4183,福永生技,2
4188,安克,2
4190,佐登-KY,1
4192,杏國,2
4198,欣大健康,2
4205,中華食,2
4207,環泰,2
4303,信立,2
4304,勝昱,2
4305,世坤,2
4306,炎洲,1
4401,東隆興,2
4402,福大,2
4406,新昕纖,2
4413,飛寶企業,2
4414,如興,1
4416,三圓,2
4417,金洲,2
4419,元勝,2
4420,光明,2
4426,利勤,1
4429,聚紡,2
4430,耀億,2
4432,銘旺實,2
4433,興采,2
4438,廣越,1
4439,冠星-KY,1
4440,宜新實業,1
4502,健信,2
4503,金雨,2
4506,崇友,2
4510,高鋒,2
4513,福裕,2
4523,永彰,2
4526,東台,1
4527,方土霖,2
4528,江興鍛,2
4529,淳紳,2
4530,宏易,2
4532,瑞智,1
4533,協易機,2
4534,慶騰,2
4535,至興,2
4536,拓凱,1
4538,大詠城,2
4540,全球傳動,1
4541,晟田,2
4542,科嶠,2
4543,萬在,2
4545,銘鈺,1
4549,桓達,2
4550,長佳,2
4551,智伸科,1
4552,力達-KY,1
4554,橙的,2
4555,氣立,1
4556,旭然,2
4557,永新-KY,1
4560,強信-KY,1
4561,健椿,2
4562,穎漢,1
4563,百德,2
4564,元翎,1
4566,時碩工業,1
4568,科際精密,2
4571,鈞興-KY,1
4572,駐龍,1
4576,大銀微系統,1
4580,捷流閥業,2
4581,光隆精密-KY,1
4609,唐鋒,2
4702,中美實,2
4706,大恭,2
4707,磐亞,2
4711,永純,2
4712,南璋,2
4714,永捷,2
4716,大立,2
4720,德淵,1
4721,美琪瑪,2
4722,國精化,1
4726,永昕,2
4728,雙美,2
4729,熒茂,2
4735,豪展,2
4736,泰博,2
4737,華廣,1
4739,康普,1
4741,泓瀚,2
4743,合一,2
4744,皇將,2
4745,合富-KY,2
4746,台耀,1
4747,強生,2
4754,國碳科,2
4755,三福化,1
4760,勤凱,2
4763,材料-KY,1
4764,雙鍵,1
4766,南寶,1
4767,誠泰科技,2
4803,VHQ-KY,2
4804,大略-KY,2
4806,昇華,2
4807,日成-KY,1
4903,聯光通,2
4904,遠傳,1
4905,台聯電,2
4906,正文,1
4907,富宇,2
4908,前鼎,2
4909,新復興,2
4911,德英,2
4912,聯德控股-KY,1
4915,致伸,1
4916,事欣科,1
4919,新唐,1
4924,欣厚-KY,2
4927,泰鼎-KY,1
4930,燦星網,1
4931,新盛力,2
4933,友輝,2
4934,太極,1
4935,茂林-KY,1
4938,和碩,1
4939,亞電,2
4942,嘉彰,1
4943,康控-KY,1
4944,兆遠,2
4945,陞達科技,2
4946,辣椒,2
4950,牧東,2
4952,凌通,1
4953,緯軟,2
4956,光鋐,1
4958,臻鼎-KY,1
4960,誠美材,1
4961,天鈺,1
4966,譜瑞-KY,2
4967,十銓,1
4968,立積,1
4971,IET-KY,2
4972,湯石照明,2
4973,廣穎,2
4974,亞泰,2
4976,佳凌,1
4977,眾達-KY,1
4979,華星光,2
4987,科誠,2
4989,榮科,1
4991,環宇-KY,2
4994,傳奇,1
4995,晶達,2
4999,鑫禾,1
5007,三星,1
5009,榮剛,2
5011,久陽,2
5013,強新,2
5014,建錩,2
5015,華祺,2
5016,松和,2
5102,富強,2
5201,凱衛,2
5202,力新,2
5203,訊連,1
5205,中茂,2
5206,坤悅,2
5209,新鼎,2
5210,寶碩,2
5211,蒙恬,2
5212,凌網,2
5213,亞昕,2
5215,科嘉-KY,1
5220,萬達光電,2
5222,全訊,1
5223,安力-KY,2
5225,東科-KY,1
5227,立凱-KY,2
5230,雷笛克光學,2
5234,達興材料,1
5236,凌陽創新,2
5243,乙盛-KY,1
5245,智晶,2
5251,天鉞電,2
5258,虹堡,1
5263,智崴,2
5269,祥碩,1
5272,笙科,2
5274,信驊,2
5276,達輝-KY,2
5278,尚凡,2
5281,大峽谷-KY,2
5283,禾聯碩,1
5284,jpp-KY,1
5285,界霖,1
5287,數字,2
5288,豐祥-KY,1
5289,宜鼎,2
5291,邑昇,2
5299,杰力,2
5301,寶得利,2
5302,太欣,2
5306,桂盟,2
5309,系統電,2
5310,天剛,2
5312,寶島科,2
5314,世紀,2
5315,光聯,2
5321,美而快,2
5324,士開,2
5328,華容,2
5340,建榮,2
5344,立衛,2
5345,天揚,2
5347,世界,2
5348,系通,2
5351,鈺創,2
5353,台林,2
5355,佳總,2
5356,協益,2
5364,力麗店,2
5371,中光電,2
5381,合正,2
5383,金利,2
5386,青雲,2
5388,中磊,1
5392,能率,2
5398,慕康生醫,2
5403,中菲,2
5410,國眾,2
5425,台半,2
5426,振發,2
5432,新門,2
5434,崇越,1
5438,東友,2
5439,高技,2
5443,均豪,2
5450,南良,2
5452,佶優,2
5455,昇益,2
5457,宣德,2
5460,同協,2
5464,霖宏,2
5465,富驊,2
5468,凱鈺,2
5469,瀚宇博,1
5471,松翰,1
5474,聰泰,2
5475,德宏,2
5478,智冠,2
5481,新華,2
5483,中美晶,2
5484,慧友,1
5487,通泰,2
5488,松普,2
5489,彩富,2
5490,同亨,2
5493,三聯,2
5498,凱崴,2
5508,永信建,2
5511,德昌,2
5512,力麒,2
5514,三豐,2
5515,建國,1
5516,雙喜,2
5519,隆大,1
5520,力泰,2
5521,工信,1
5522,遠雄,1
5523,豐謙,2
5525,順天,1
5529,鉅陞,2
5530,龍巖,2
5531,鄉林,1
5533,皇鼎,1
5534,長虹,1
5536,聖暉,2
5538,東明-KY,1
5543,桓鼎-KY,2
5546,永固-KY,1
5601,台聯櫃,2
5603,陸海,2
5604,中連貨,2
5607,遠雄港,1
5608,四維航,1
5609,中菲行,2
5701,劍湖山,2
5703,亞都,2
5704,老爺知,2
5706,鳳凰,1
5820,日盛金,2
5864,致和證,2
5871,中租-KY,1
5876,上海商銀,1
5878,台名,2
5880,合庫金,1
5902,德記,2
5903,全家,2
5904,寶雅,2
5905,南仁湖,2
5906,台南-KY,1
5907,大洋-KY,1
6005,群益證,1
6015,宏遠證,2
6016,康和證,2
6020,大展證,2
6021,大慶證,2
6023,元大期,2
6024,群益期,1
6026,福邦證,2
6101,寬魚國際,2
6103,合邦,2
6104,創惟,2
6108,競國,1
6109,亞元,2
6111,大宇資,2
6112,聚碩,1
6113,亞矽,2
6114,久威,2
6115,鎰勝,1
6116,彩晶,1
6117,迎廣,1
6118,建達,2
6120,達運,1
6121,新普,2
6122,擎邦,2
6123,上奇,2
6124,業強,2
6125,廣運,2
6126,信音,2
6127,九豪,2
6128,上福,1
6129,普誠,2
6130,星寶國際,2
6133,金橋,1
6134,萬旭,2
6136,富爾特,1
6138,茂達,2
6139,亞翔,1
6140,訊達,2
6141,柏承,1
6142,友勁,1
6143,振曜,2
6144,得利影,2
6146,耕興,2
6147,頎邦,2
6148,驊宏資,2
6150,撼訊,2
6151,晉倫,2
6152,百一,1
6153,嘉聯益,1
6154,順發,2
6155,鈞寶,1
6156,松上,2
6158,禾昌,2
6160,欣技,2
6161,捷波,2
6163,華電網,2
6164,華興,1
6165,浪凡,1
6166,凌華,1
6167,久正,2
6168,宏齊,1
6169,昱泉,2
6170,統振,2
6171,大城地產,2
6172,互億,1
6173,信昌電,2
6174,安碁,2
6175,立敦,2
6176,瑞儀,1
6177,達麗,1
6179,亞通,2
6180,橘子,2
6182,合晶,2
6183,關貿,1
6184,大豐電,1
6185,幃翔,2
6186,新潤,2
6187,萬潤,2
6188,廣明,2
6189,豐藝,1
6190,萬泰科,2
6191,精成科,1
6192,巨路,1
6194,育富,2
6195,詩肯,2
6196,帆宣,1
6197,佳必琪,1
6198,凌泰,2
6199,天品,2
6201,亞弘電,1
6202,盛群,1
6203,海韻電,2
6204,艾華,2
6205,詮欣,1
6206,飛捷,1
6207,雷科,2
6208,日揚,2
6209,今國光,1
6210,慶生,2
6212,理銘,2
6213,聯茂,1
6214,精誠,1
6215,和椿,1
6216,居易,1
6217,中探針,2
6218,豪勉,2
6219,富旺,2
6220,岳豐,2
6221,晉泰,2
6222,上揚,2
6223,旺矽,2
6224,聚鼎,1
6225,天瀚,1
6226,光鼎,1
6227,茂綸,2
6228,全譜,2
6229,研通,2
6230,尼得科超眾,1
6231,系微,2
6233,旺玖,2
6234,高僑,2
6235,華孚,1
6236,康呈,2
6237,驊訊,2
6239,力成,1
6240,松崗,2
6241,易通展,2
6242,立康,2
6243,迅杰,1
6244,茂迪,2
6245,立端,2
6246,臺龍,2
6247,淇譽電,2
6248,沛波,2
6251,定穎,1
6257,矽格,1
6259,百徽,2
6261,久元,2
6263,普萊德,2
6264,富裔,2
6265,方土昶,2
6266,泰詠,2
6269,台郡,1
6270,倍微,2
6271,同欣電,1
6274,台燿,2
6275,元山,2
6276,安鈦克,2
6277,宏正,1
6278,台表科,1
6279,胡連,2
6281,全國電,1
6282,康舒,1
6283,淳安,1
6284,佳邦,2
6285,啟碁,1
6287,元隆,2
6288,聯嘉,1
6289,華上,1
6290,良維,2
6291,沛亨,2
6292,迅德,2
6294,智基,2
6404,通訊-KY,2
6405,悅城,1
6409,旭隼,1
6411,晶焱,2
6412,群電,1
6414,樺漢,1
6415,矽力-KY,1
6416,瑞祺電通,1
6417,韋僑,2
6418,詠昇,2
6419,京晨科,2
6425,易發,2
6426,統新,1
6431,光麗-KY,1
6432,今展科,2
6435,大中,2
6438,迅得,1
6441,廣錠,2
6442,光聖,1
6443,元晶,1
6446,藥華藥,2
6449,鈺邦,1
6451,訊芯-KY,1
6456,GIS-KY,1
6457,紘康,2
6461,益得,2
6462,神盾,2
6464,台數科,1
6465,威潤,2
6469,大樹,2
6470,宇智,2
6472,保瑞,2
6477,安集,1
6482,弘煜科,2
6485,點序,2
6486,互動,2
6488,環球晶,2
6491,晶碩,1
6492,生華科,2
6494,九齊,2
6496,科懋,2
6499,益安,2
6504,南六,1
6505,台塑化,1
6506,雙邦,2
6508,惠光,2
6509,聚和,2
6510,精測,2
6512,啟發電,2
6514,芮特-KY,2
6515,穎崴,1
6516,勤崴國際,2
6523,達爾膚,2
6525,捷敏-KY,1
6527,明達醫,2
6530,創威,2
6531,愛普*,1
6532,瑞耘,2
6533,晶心科,1
6535,順藥,2
6538,倉和,2
6541,泰福-KY,1
6542,隆中,2
6547,高端疫苗,2
6548,長科*,2
6552,易華電,1
6556,勝品,2
6558,興能高,1
6560,欣普羅,2
6561,是方,2
6568,宏觀,2
6569,醫揚,2
6570,維田,2
6573,虹揚-KY,1
6574,霈方,2
6576,逸達,2
6577,勁豐,2
6578,達邦蛋白,2
6579,研揚,1
6581,鋼聯,1
6582,申豐,1
6588,東典光電,2
6589,台康生技,2
6590,普鴻,2
6591,動力-KY,1
6592,和潤企業,1
6593,台灣銘板,2
6594,展匯科,2
6596,寬宏藝術,2
6598,ABC-KY,1
6603,富強鑫,2
6605,帝寶,1
6609,瀧澤科,2
6612,奈米醫材,2
6613,朋億,2
6615,慧智,2
6616,特昇-KY,2
6624,萬年清,2
6625,必應,1
6629,泰金-KY,2
6640,均華,2
6641,基士德-KY,1
6642,富致,2
6643,M31,2
6649,台生材,2
6651,全宇昕,2
6654,天正國際,2
6655,科定,1
6661,威健生技,2
6662,樂斯科,2
6664,群翊,2
6666,羅麗芬-KY,1
6667,信紘科,2
6668,中揚光,1
6669,緯穎,1
6670,復盛應用,1
6671,三能-KY,1
6672,騰輝電子-KY,1
6674,鋐寶科技,1
6679,鈺太,2
6680,鑫創電子,2
6683,雍智科技,2
6684,安格,2
6690,安碁資訊,2
6697,東捷資訊,2
6698,旭暉應材,1
6703,軒郁,2
6706,惠特,1
6712,長聖,2
6715,嘉基,1
6716,應廣,2
6727,亞泰金屬,2
6728,上洋,2
6732,昇佳電子,2
6733,博晟生醫,2
6741,91APP*-KY,2
6743,安普新,1
6747,亨泰光,2
6751,智聯服務,2
6752,叡揚,2
6754,匯僑設計,1
6756,威鋒電子,1
6761,穩得,2
6762,達亞,2
6767,台微醫,2
6768,志強-KY,1
6770,力積電,1
6776,展碁國際,1
6781,AES-KY,1
6788,華景電,2
6790,永豐實,1
6792,詠業,1
6803,崑鼎,2
6806,森崴能源,1
7402,邑錡,2
7556,意德士,2
8011,台通,1
8016,矽創,1
8021,尖點,1
8024,佑華,2
8027,鈦昇,2
8028,昇陽半導體,1
8032,光菱,2
8033,雷虎,1
8034,榮群,2
8038,長園科,2
8039,台虹,1
8040,九暘,2
8042,金山電,2
8043,蜜望實,2
8044,網家,2
8046,南電,1
8047,星雲,2
8048,德勝,2
8049,晶采,2
8050,廣積,2
8054,安國,2
8059,凱碩,2
8064,東捷,2
8066,來思達,2
8067,志旭,2
8068,全達,2
8069,元太,2
8070,長華*,1
8071,能率網通,2
8072,陞泰,1
8074,鉅橡,2
8076,伍豐,2
8077,洛碁,2
8080,永利聯合,2
8081,致新,1
8083,瑞穎,2
8084,巨虹,2
8085,福華,2
8086,宏捷科,2
8087,華鎂鑫,2
8088,品安,2
8089,康全電訊,2
8091,翔名,2
8092,建暐,2
8093,保銳,2
8096,擎亞,2
8097,常珵,2
8099,大世科,2
8101,華冠,1
8103,瀚荃,1
8104,錸寶,1
8105,凌巨,1
8107,大億金茂,2
8109,博大,2
8110,華東,1
8111,立碁,2
8112,至上,1
8114,振樺電,1
8121,越峰,2
8131,福懋科,1
8147,正淩,2
8150,南茂,1
8155,博智,2
8163,達方,1
8171,天宇,2
8176,智捷,2
8182,加高,2
8183,精星,2
8201,無敵,1
8210,勤誠,1
8213,志超,1
8215,明基材,1
8222,寶一,1
8234,新漢,2
8240,華宏,2
8249,菱光,1
8255,朋程,2
8261,富鼎,1
8271,宇瞻,1
8277,商丞,2
8279,生展,2
8284,三竹,2
8289,泰藝,2
8291,尚茂,2
8299,群聯,2
8341,日友,1
8342,益張,2
8349,恒耀,2
8354,冠好,2
8358,金居,2
8367,建新國際,1
8374,羅昇,1
8383,千附,2
8390,金益鼎,2
8401,白紗科,2
8403,盛弘,2
8404,百和興業-KY,1
8406,金可-KY,2
8409,商之器,2
8410,森田,2
8411,福貞-KY,1
8415,大國鋼,2
8416,實威,2
8418,捷必勝-KY,2
8420,明揚,2
8421,旭源,2
8422,可寧衛,1
8423,保綠-KY,2
8424,惠普,2
8426,紅木-KY,2
8427,基勝-KY,1
8429,金麗-KY,1
8431,匯鑽科,2
8432,東生華,2
8433,弘帆,2
8435,鉅邁,2
8436,大江,2
8437,大地-KY,2
8440,綠電,2
8442,威宏-KY,1
8443,阿瘦,1
8444,綠河-KY,2
8446,華研,2
8450,霹靂,2
8454,富邦媒,1
8455,大拓-KY,2
8462,柏文,1
8463,潤泰材,1
8464,億豐,1
8466,美吉吉-KY,1
8467,波力-KY,1
8472,夠麻吉,2
8473,山林水,1
8476,台境,2
8477,創業家,2
8478,東哥遊艇,1
8480,泰昇-KY,1
8481,政伸,1
8482,商億-KY,1
8488,吉源-KY,1
8489,三貝德,2
8499,鼎炫-KY,1
8905,裕國,2
8906,花王,2
8908,欣雄,2
8916,光隆,2
8917,欣泰,2
8921,沈氏,2
8923,時報,2
8924,大田,2
8926,台汽電,1
8927,北基,2
8928,鉅明,2
8929,富堡,2
8930,青鋼,2
8931,大汽電,2
8932,宏大,2
8933,愛地雅,2
8935,邦泰,2
8936,國統,2
8937,合騏,2
8938,明安,2
8940,新天地,1
8941,關中,2
8942,森鉅,2
8996,高力,1
9103,美德醫療-DR,1
910322,康師傅-DR,1
9105,泰金寶-DR,1
910861,神州-DR,1
9110,越南控-DR,1
911608,明輝-DR,1
911622,泰聚亨-DR,1
911868,同方友友-DR,1
912000,晨訊科-DR,1
912398,友佳-DR,1
9136,巨騰-DR,1
9188,精熙-DR,1
9802,鈺齊-KY,1
9902,台火,1
9904,寶成,1
9905,大華,1
9906,欣巴巴,1
9907,統一實,1
9908,大台北,1
9910,豐泰,1
9911,櫻花,1
9912,偉聯,1
9914,美利達,1
9917,中保科,1
9918,欣天然,1
9919,康那香,1
9921,巨大,1
9924,福興,1
9925,新保,1
9926,新海,1
9927,泰銘,1
9928,中視,1
9929,秋雨,1
9930,中聯資源,1
9931,欣高,1
9933,中鼎,1
9934,成霖,1
9935,慶豐富,1
9937,全國,1
9938,百和,1
9939,宏全,1
9940,信義,1
9941,裕融,1
9942,茂順,1
9943,好樂迪,1
9944,新麗,1
9945,潤泰新,1
9946,三發地產,1
9949,琉園,2
9950,萬國通,2
9951,皇田,2
9955,佳龍,1
9958,世紀鋼,1
9960,邁達康,2
9962,有益,2
